cell_a,cell_b,weight,len
0,2,1.0,24.37857400376627
0,309,0.6,39.10263779323716
0,573,0.6,57.637710124819804
0,588,0.6,69.57229064688079
1,5,1.0,36.565144375715086
1,6,0.6,79.22172278534796
1,550,0.6,79.54944978417633
2,288,0.6,87.44692439420626
2,302,0.6,37.25100484034212
2,573,0.6,45.6439998258685
3,4,1.0,24.53417690989623
3,26,0.6,93.9925903967989
3,619,0.6,65.42703528203566
4,292,0.6,35.268980430284586
4,297,0.6,78.66295537720515
4,619,0.6,50.34643825042423
5,6,0.6,42.70997813640041
6,516,1.0,77.99956081308798
7,17,1.0,62.87796809738192
7,20,1.0,24.91386507252924
7,47,1.0,50.355276006641795
7,98,1.0,28.463236908838304
8,114,1.0,34.48182586698948
8,425,0.6,33.029544603586764
8,445,0.6,23.971597044774203
8,571,0.6,40.70780880733846
8,625,0.6,46.896254546754804
9,12,1.0,39.09591954408154
9,15,1.0,49.861495043543286
9,17,1.0,29.35951526174703
9,20,1.0,28.11784561952837
9,485,0.6,69.13531173313775
10,11,1.0,102.06686817636165
10,141,1.0,60.135422848615036
10,162,1.0,87.66745887069769
10,172,1.0,44.79384232122585
11,16,1.0,32.4994666097453
11,162,1.0,40.72692295679198
11,274,0.6,66.49882166102711
12,15,1.0,37.15951525967209
12,17,1.0,31.486861604971068
12,152,1.0,60.71488948460854
12,555,0.6,95.92186984201912
13,110,1.0,60.17624693210393
13,113,1.0,52.70273547761581
13,156,1.0,36.11430696206378
14,25,1.0,29.478852249560404
14,102,1.0,38.68438216739338
14,113,1.0,43.710877656984565
14,125,1.0,39.43825853514932
15,115,1.0,57.89033863865738
15,152,1.0,36.34221923550891
15,436,0.6,59.037255672729486
15,485,0.6,61.01867342356882
16,274,0.6,63.271664888110095
17,20,1.0,50.45193475638927
18,27,1.0,48.83545966698143
18,51,1.0,34.42476226328714
18,64,1.0,53.949691962067725
18,87,1.0,66.31498844577695
18,385,0.6,67.0949295764932
18,581,0.6,49.735372199591126
18,636,0.6,44.536008966756675
19,24,1.0,75.43687080547248
19,224,1.0,52.67115924952998
19,400,0.6,71.42268212059932
19,637,0.6,66.35927841643857
19,646,0.6,56.5938363936439
19,660,0.6,50.667077008035356
20,98,1.0,44.43796808615542
20,454,0.6,57.42167284384778
20,474,0.6,59.76807409848032
20,485,0.6,69.11789902476188
21,33,1.0,72.05301526653096
21,37,1.0,44.08114074755458
21,44,1.0,94.06129225241119
21,61,1.0,37.8235889532712
21,143,1.0,37.03784445918238
21,538,0.6,93.1423222412237
22,57,1.0,94.25298651902776
22,97,1.0,73.80678149932524
22,159,1.0,70.69203768680028
22,287,0.6,76.06827560243892
22,338,0.6,95.77224380999931
23,136,1.0,39.33865095656918
23,180,1.0,49.92758308123683
23,204,1.0,61.20072087655661
23,212,1.0,59.594399007585444
24,45,1.0,38.6706430630937
24,224,1.0,55.174542809863176
24,637,0.6,73.6275784998967
24,649,0.6,87.57597639299722
25,102,1.0,60.39241172178271
25,110,1.0,68.72548694430925
25,113,1.0,43.96822126395239
25,156,1.0,41.256320757316345
26,56,1.0,35.97495609739962
26,80,1.0,81.28941190569824
26,237,1.0,50.485775797163406
26,619,0.6,41.96503725254178
27,50,1.0,85.4311850136701
27,51,1.0,36.160085526909384
27,87,1.0,85.42313995801676
28,53,1.0,59.84860219621729
28,62,1.0,34.49722781588131
28,191,1.0,62.144039746968986
28,202,1.0,73.76121949323937
28,586,0.6,74.01077989981331
28,592,0.6,58.31268103164437
29,52,1.0,32.79624782873383
29,84,1.0,39.049537015168276
29,194,1.0,51.46252480155111
29,238,1.0,81.56605557172628
29,428,0.6,33.81244917837354
29,468,0.6,42.59780241794168
30,79,1.0,43.10761901145548
30,94,1.0,43.11153364816093
30,128,1.0,52.580397200022745
30,259,0.6,42.04855511942422
30,584,0.6,46.42200740426667
30,640,0.6,50.64316274112482
31,42,1.0,45.70192281858528
31,46,1.0,41.249006403378665
31,139,1.0,49.757587037292076
31,487,0.6,62.308517198146816
31,517,0.6,98.70932142562519
32,88,1.0,35.934114827356694
32,576,0.6,59.472619995785486
32,606,0.6,43.573548083442546
33,37,1.0,84.82758564596597
33,50,1.0,69.03062529713951
33,87,1.0,63.24765901733252
33,143,1.0,56.796929344029834
33,265,0.6,40.47041767667196
33,403,0.6,40.40971340646422
33,570,0.6,40.7949971826651
34,69,1.0,37.2006812005843
34,121,1.0,93.35486951893176
34,245,1.0,75.61057927977222
34,521,0.6,79.65240903648042
34,528,0.6,94.81911563883197
35,48,1.0,39.91116120274799
35,80,1.0,42.248004756609014
35,104,1.0,33.65603257235783
35,254,0.6,38.71988457942643
35,509,0.6,37.95149667384242
36,44,1.0,68.99138002867542
36,61,1.0,53.55028008080647
36,83,1.0,48.77747979599416
36,389,0.6,70.74529729024964
36,402,0.6,78.19242349975559
36,585,0.6,77.91996259938172
37,61,1.0,35.59505146557265
37,568,0.6,41.720655475077635
37,570,0.6,75.7242513810315
37,583,0.6,49.5148731053197
37,585,0.6,41.9486332239148
38,105,1.0,59.46318514292442
38,215,1.0,73.17328416107392
38,223,1.0,68.71401014275172
38,232,1.0,61.730345218500325
38,246,1.0,71.31206564791162
39,69,1.0,45.07430863220388
39,93,1.0,40.49925666224668
39,198,1.0,47.36838514625822
39,268,0.6,36.37163493838477
39,521,0.6,40.54004762561494
40,92,1.0,41.387862343178874
40,133,1.0,49.04767337797181
40,413,0.6,73.25780734377327
40,475,0.6,49.453336418092505
40,498,0.6,52.723229791154836
41,74,1.0,42.38138943328923
41,158,1.0,58.16141496301271
41,193,1.0,80.28290951661906
41,277,0.6,80.40402547986214
41,590,0.6,87.24662592284035
42,261,0.6,30.808989212259426
42,487,0.6,39.308017985909565
42,517,0.6,69.0684903128429
43,96,1.0,40.00039937271158
43,245,1.0,94.21703284138084
43,278,0.6,45.68516992418777
43,638,0.6,66.26974085977956
43,641,0.6,53.863965143864746
44,61,1.0,73.527102696125
44,83,1.0,97.85427718494556
44,529,0.6,37.724565307170415
44,562,0.6,59.126003490795945
45,224,1.0,56.01198042409077
45,264,0.6,59.95396715075121
46,63,1.0,61.869484650251565
46,85,1.0,45.797249085885
46,139,1.0,45.42960882467696
46,414,0.6,41.28074522911891
46,487,0.6,51.92151575524943
47,79,1.0,51.41194904643288
47,98,1.0,45.94691846571433
47,128,1.0,50.234310907207316
48,80,1.0,31.421775262928186
48,254,0.6,41.20763723312825
48,256,0.6,37.22656420381968
49,57,1.0,39.165244259343616
49,101,1.0,39.24309100785084
49,336,0.6,39.31781815817789
49,347,0.6,62.93078703431284
50,87,1.0,33.148525993133326
50,143,1.0,72.39804186895162
51,64,1.0,31.85242338083664
51,70,1.0,92.86825801395406
52,238,1.0,65.00358949540109
52,240,1.0,56.697778425110954
52,468,0.6,45.72970214186698
53,62,1.0,38.49581827809144
53,191,1.0,46.60621879617327
53,222,1.0,63.57945529882173
54,57,1.0,48.67709864312572
54,97,1.0,39.252357353113446
54,101,1.0,47.210261777718266
55,76,1.0,61.8743789679061
55,200,1.0,88.94477274217124
55,525,0.6,40.059776859898264
55,537,0.6,95.91747811124084
56,58,1.0,31.47251750294621
56,82,1.0,52.55439877029074
56,237,1.0,54.615511019779696
56,381,0.6,68.16795955875278
56,617,0.6,39.85176904578272
56,619,0.6,52.84263430444133
57,97,1.0,43.23961476938205
57,101,1.0,55.922647776438545
57,336,0.6,62.27467510127026
57,338,0.6,84.50760456732209
58,82,1.0,34.14675817565675
58,184,1.0,41.484536028684715
58,237,1.0,48.844789861036716
59,106,1.0,60.85318779745528
59,140,1.0,93.78665944651706
59,175,1.0,35.643273418665764
59,657,0.6,47.989412617227195
59,662,0.6,80.70522449300213
60,193,1.0,49.39978236767268
60,203,1.0,45.694303998720116
60,382,0.6,64.57755319956885
60,392,0.6,42.67460691616629
60,590,0.6,60.529092303525665
61,585,0.6,67.45957934388672
62,202,1.0,76.55812440626667
62,222,1.0,47.767766022027345
63,85,1.0,42.91616551006196
63,139,1.0,57.095685260722185
63,596,0.6,65.78532696430204
63,608,0.6,84.64612268701043
63,613,0.6,75.79382473690963
64,70,1.0,67.45737731407382
64,272,0.6,61.06864373505111
64,581,0.6,53.588895912499844
64,628,0.6,50.23201553926296
64,655,0.6,53.150313928103195
65,118,1.0,75.67568605458462
65,219,1.0,84.16978830085095
65,320,0.6,93.08573588164707
65,343,0.6,96.2051509500048
66,68,1.0,84.29939264280226
66,89,1.0,75.58789168467771
66,100,1.0,31.50261330634088
66,103,1.0,92.77373219542643
66,163,1.0,39.03218735348599
66,217,1.0,68.48256203190992
67,160,1.0,84.20520169774962
68,91,1.0,85.58237369050057
68,158,1.0,46.08919372858426
68,163,1.0,57.57332098787294
68,231,0.6,58.33675236920389
68,611,0.6,65.50475096740863
68,632,0.6,85.67496121801005
68,635,0.6,72.85849048277214
69,198,1.0,54.29778242511057
69,245,1.0,87.70774728492451
69,521,0.6,56.61397128461734
70,88,1.0,48.38167257384868
70,250,0.6,43.78886205068395
70,272,0.6,38.177799662143656
70,576,0.6,58.64643462380463
71,161,1.0,85.31355847020684
71,204,1.0,49.8372204734806
71,206,1.0,68.11095336288693
71,212,1.0,56.80296367951815
71,235,1.0,69.44610246991016
72,78,1.0,41.69450978534892
72,147,1.0,49.47292245905823
72,263,0.6,39.09601212888277
72,393,0.6,65.9106879198519
73,202,1.0,39.22365904475737
73,401,0.6,65.42432485492031
73,478,0.6,40.369742694382154
73,495,0.6,37.73439269377281
73,592,0.6,94.66934429750034
74,108,1.0,41.37177361741697
74,158,1.0,79.07598398810181
74,163,1.0,76.9948318988396
74,217,1.0,50.08866541822415
75,153,1.0,86.77755069408322
75,211,1.0,43.99682778437834
75,251,0.6,47.48788449512171
75,643,0.6,40.5944472563972
76,200,1.0,46.707330803183524
77,195,1.0,78.30315910490881
77,199,1.0,44.80976182544977
77,386,0.6,88.94127052017416
77,391,0.6,102.44855864321883
77,396,0.6,83.05763199067457
77,399,0.6,84.05767636473944
77,412,0.6,56.008512698579395
77,479,0.6,58.31099491935729
77,483,0.6,63.591624901582215
78,147,1.0,65.85228509470906
78,160,1.0,53.857051172167516
78,393,0.6,89.9350186032682
79,98,1.0,34.90299608805113
79,114,1.0,42.34963268393181
79,128,1.0,62.590497171089
79,640,0.6,62.868273874876564
80,104,1.0,56.66163184944075
80,237,1.0,43.79409073088825
80,256,0.6,66.16700931909962
81,133,1.0,81.4545879176216
81,475,0.6,98.59080260435753
81,535,0.6,68.97188620114544
81,546,0.6,43.87114026642237
82,184,1.0,50.29647608174282
82,381,0.6,57.28345182342959
82,436,0.6,60.93283750196644
82,482,0.6,74.82314893112999
82,502,0.6,66.9712183983556
83,400,0.6,74.6447035223018
83,402,0.6,57.69122160559059
83,575,0.6,58.51979587644033
84,86,1.0,77.43012479783575
84,194,1.0,42.19259870786945
84,417,0.6,52.40176014914871
84,428,0.6,35.22217512232374
84,431,0.6,41.3775316069659
84,506,0.6,51.54494980148086
85,414,0.6,56.43856843857513
85,499,0.6,64.16657871358177
85,613,0.6,48.0840846409212
86,124,1.0,59.16363390977153
86,194,1.0,77.09177993806213
86,215,1.0,54.81078350308994
86,232,1.0,62.17105690994196
86,271,0.6,27.878337532559367
86,417,0.6,56.18394545835962
86,463,0.6,45.871199530554215
87,385,0.6,42.31236345091144
87,403,0.6,62.528401374887366
88,576,0.6,61.94424993400204
89,100,1.0,62.5871363634264
89,103,1.0,65.890589244603
89,207,1.0,49.1573639246492
89,563,0.6,59.59476656406222
90,116,1.0,69.09800369031726
90,122,1.0,54.20246791235246
90,145,1.0,41.00479486898135
90,173,1.0,54.345299004791435
90,196,1.0,57.188061321223266
91,103,1.0,78.89783931999783
91,197,1.0,57.852939055670184
91,629,0.6,65.93385134286845
91,632,0.6,63.30136745122749
91,645,0.6,43.73681390136025
92,129,1.0,70.10236672530971
92,133,1.0,64.87072387122598
92,181,1.0,98.5178979101222
92,187,1.0,51.128419431850475
92,413,0.6,78.32825387056194
92,508,0.6,77.52462357248189
93,198,1.0,52.53306896916031
93,268,0.6,48.24701254334219
93,270,0.6,45.914260408580716
94,128,1.0,43.08588342628235
94,584,0.6,60.58209187646668
94,644,0.6,96.48383400569845
94,647,0.6,67.36694507267718
95,176,1.0,45.60409827194703
95,195,1.0,54.4749193297981
95,199,1.0,45.148414418345
95,228,1.0,41.39821444169764
96,226,1.0,50.27945539929138
96,245,1.0,98.67612666586187
96,615,0.6,89.11717007209232
96,641,0.6,72.85352973254692
98,114,1.0,50.409853372230415
98,454,0.6,59.95245372592669
99,107,1.0,44.18688481168061
99,111,1.0,59.14553307105862
99,117,1.0,49.68960700967488
99,228,1.0,46.97387655866321
99,248,0.6,44.9019287641327
100,217,1.0,69.93955636990461
100,547,0.6,71.78232622190518
100,563,0.6,56.004579475574
101,347,0.6,75.12309926122619
102,125,1.0,53.344605303846826
102,349,0.6,98.70577594721907
103,112,1.0,84.23840749957063
103,197,1.0,56.47969882906401
103,207,1.0,72.54867326850906
104,184,1.0,54.997300796194686
104,237,1.0,53.983653511677396
104,509,0.6,54.86014274691012
104,555,0.6,92.71872890332213
105,166,1.0,62.71335990269654
105,168,1.0,74.55752526894311
105,223,1.0,70.46330349782777
105,232,1.0,68.91227153430859
105,241,1.0,87.2573110872834
106,142,1.0,42.311488424444384
106,149,1.0,47.96662655438846
106,175,1.0,52.65310217452688
106,657,0.6,88.65133834732582
106,663,0.6,64.66046383322106
107,176,1.0,70.43630360303715
107,228,1.0,41.361551869090945
107,248,0.6,56.475500297134715
107,276,0.6,65.25858833539452
108,217,1.0,44.57684335695798
108,530,0.6,46.570850811574886
108,551,0.6,100.3297983088657
109,169,1.0,62.52211667040923
109,187,1.0,52.29453320426998
109,234,1.0,44.216736352553106
109,523,0.6,58.19101635837329
109,549,0.6,58.258509669566536
110,156,1.0,41.56039769155297
111,117,1.0,44.715538010524114
111,138,1.0,96.96959187131009
111,183,1.0,72.09695687208082
111,199,1.0,90.17894122111939
111,228,1.0,69.48145313229186
111,483,0.6,89.75431113272484
111,501,0.6,94.41251715559412
112,197,1.0,92.16176544864965
112,205,1.0,78.3552890443403
112,207,1.0,56.50207828579049
112,208,1.0,45.105051509115526
112,238,1.0,76.45850016652446
113,125,1.0,52.91169297199293
113,156,1.0,42.74913278149378
114,445,0.6,45.792548191331015
114,454,0.6,46.45244098636371
114,625,0.6,42.22529238971712
114,640,0.6,54.00772443642021
115,152,1.0,40.32978701109438
115,184,1.0,49.038364120160715
115,436,0.6,32.85834669001487
115,555,0.6,69.0659670745411
116,122,1.0,58.14936605103756
116,145,1.0,54.405150435001204
116,225,1.0,50.66038358805265
116,618,0.6,71.34620119019638
116,622,0.6,50.99669541464007
117,183,1.0,49.36774019790381
117,248,0.6,71.99676478186703
117,260,0.6,45.737381863620925
118,219,1.0,50.70619727320199
118,285,1.0,74.47192182348842
118,343,0.6,59.55776301570061
118,348,0.6,80.32388107036049
119,127,1.0,71.05674445528594
119,134,1.0,71.91096398253477
119,164,1.0,99.19059731021767
119,177,1.0,54.92880635839614
119,213,1.0,79.93777252983071
119,230,1.0,69.95184599653841
120,515,0.6,49.217633833139395
121,214,1.0,63.78462825230599
121,242,1.0,75.74722636891005
121,245,1.0,95.11567373942029
121,604,0.6,100.11447967601661
121,633,0.6,99.32143273698429
122,196,1.0,67.49475787122394
122,280,0.6,59.066690919167016
122,622,0.6,57.46077311953783
123,132,1.0,64.87172907990585
123,171,1.0,81.58757564086497
123,185,1.0,73.89903286545392
123,227,1.0,84.83623208814967
123,243,1.0,69.87816865601366
124,130,1.0,51.9045632906314
124,232,1.0,67.06849342305699
124,241,1.0,77.53629306536651
124,271,0.6,44.3181020513009
124,466,0.6,48.08126357779236
124,490,0.6,45.28857527841064
126,205,1.0,51.01514747644522
126,208,1.0,54.36612385042544
126,267,0.6,51.65112491948582
126,269,0.6,57.550040166691325
126,281,0.6,73.18658222792864
127,166,1.0,98.53627584995384
127,177,1.0,49.28542403886474
127,213,1.0,79.37462659421031
127,233,1.0,65.50319167720602
127,241,1.0,92.27475944879433
129,133,1.0,41.414247718444535
129,187,1.0,90.1387369574639
129,531,0.6,73.22114805479218
129,532,0.6,58.14938182985639
129,535,0.6,74.6752779726382
130,134,1.0,76.12003465213822
130,177,1.0,88.43723049794828
130,241,1.0,70.57257135162448
130,411,0.6,52.26743163015054
130,466,0.6,44.02945665066992
130,476,0.6,60.77524171428268
131,154,1.0,64.89009478961097
131,164,1.0,59.42134067005374
131,213,1.0,94.52791856424707
131,520,0.6,59.30672107730165
131,539,0.6,52.08950622195765
132,154,1.0,88.99470258759092
132,155,1.0,65.61843063985008
132,167,1.0,47.706286835744955
132,185,1.0,67.79113743060553
133,475,0.6,71.59279083954146
133,535,0.6,80.24770764943892
134,177,1.0,47.59033998731421
134,182,1.0,76.9516308557239
134,190,1.0,80.53149023150995
134,230,1.0,102.50919427687163
134,476,0.6,85.45552649629674
135,178,1.0,57.38070011097495
135,186,1.0,60.02818556982258
135,522,0.6,52.16305757762171
136,180,1.0,59.844768584249636
136,220,1.0,56.79228575752474
137,154,1.0,78.40613185195829
137,155,1.0,91.8752953828553
137,164,1.0,50.94959875840944
137,167,1.0,47.95984842803741
137,230,1.0,52.24234017221785
138,183,1.0,80.39846692129979
138,202,1.0,67.27848695758229
138,210,1.0,46.19172549304166
138,222,1.0,76.60588479009046
138,478,0.6,80.3105803659049
138,501,0.6,95.5394583340685
140,148,1.0,73.49573055361387
140,175,1.0,99.48148588579399
140,253,0.6,61.133938170115975
140,654,0.6,67.87412777792858
140,662,0.6,85.8160514187508
141,162,1.0,80.1206846761906
141,172,1.0,54.52944917743734
141,314,0.6,77.39655690434053
141,605,0.6,71.25444318506379
141,631,0.6,81.49013327270033
142,144,1.0,53.63037481793748
142,149,1.0,61.9502833917424
142,659,0.6,93.06564613928187
142,663,0.6,66.91856840294221
143,538,0.6,86.89878502071274
144,627,0.6,81.68598003661134
144,659,0.6,77.2661125367999
145,157,1.0,101.29806300267674
145,173,1.0,84.50153595861048
145,225,1.0,68.38526478903059
146,229,1.0,68.83291346353066
146,244,1.0,60.94398402846143
146,564,0.6,66.02600140149111
147,160,1.0,50.55868294530444
147,263,0.6,76.49156170067884
147,594,0.6,51.38720727989591
148,169,1.0,93.76782077830109
148,616,0.6,84.51497697956668
148,654,0.6,71.90252879222852
149,175,1.0,55.11435763313404
150,176,1.0,47.71007327991805
150,195,1.0,72.05500673328294
150,239,1.0,62.7305506005144
150,276,0.6,85.605150965887
150,552,0.6,60.40499814041495
152,555,0.6,47.62283897566338
153,186,1.0,76.17010509728152
153,211,1.0,94.92928339505903
154,164,1.0,57.3948520141144
154,167,1.0,67.5238554419762
154,520,0.6,99.06454551929387
155,167,1.0,65.22044671978365
155,185,1.0,92.73840941237184
155,350,0.6,79.33457844997795
155,366,0.6,60.37768445297784
157,225,1.0,48.32028701837128
157,261,0.6,77.28154368427177
157,442,0.6,76.02312793075708
158,163,1.0,53.44450795159978
158,231,0.6,56.93536219828882
158,277,0.6,63.386556927214144
159,285,1.0,82.61264495308404
159,287,0.6,46.58813051181197
159,348,0.6,87.18124733420015
161,170,1.0,53.64723282417683
161,206,1.0,54.15798682291311
161,235,1.0,82.26909125578909
161,434,0.6,92.72218284557077
161,610,0.6,96.21378677805507
162,274,0.6,47.538368219457304
162,631,0.6,55.59421008462209
163,217,1.0,64.60802837959434
164,213,1.0,89.65937093152564
164,230,1.0,88.59898763947038
165,192,1.0,83.93976422578041
165,209,1.0,50.64690925328854
165,273,0.6,54.120685596372766
165,354,0.6,61.67360981196972
165,380,0.6,56.04760883146597
165,404,0.6,70.67607436137571
166,168,1.0,64.19894867169505
166,233,1.0,80.08970769726923
166,241,1.0,55.199772568951374
168,223,1.0,94.59293508422239
168,233,1.0,97.55875061322948
168,255,0.6,75.97815079267646
168,258,0.6,81.37473933163324
168,513,0.6,63.322300278805166
169,234,1.0,59.667717163935166
169,549,0.6,74.86635018607578
170,249,0.6,54.187502772738725
170,266,0.6,60.25202258343762
170,376,0.6,72.62114002937129
170,424,0.6,79.26814144990024
170,434,0.6,81.14151704579291
170,610,0.6,83.17324571498808
171,185,1.0,51.19600797340795
171,227,1.0,55.489286020175484
171,356,0.6,80.20583893509162
171,406,0.6,67.68403935435965
171,587,0.6,54.02111946409729
172,605,0.6,85.7315209874337
173,196,1.0,51.27823299921845
173,256,0.6,98.28125917774113
174,226,1.0,51.72045760736251
174,432,0.6,96.43237989015165
174,446,0.6,91.96678171802067
174,475,0.6,101.29788617206384
174,598,0.6,69.72344159111898
176,195,1.0,62.238079919998135
176,228,1.0,70.16357910550614
176,276,0.6,66.49655915636954
177,241,1.0,88.0419731367602
178,186,1.0,91.9527361197985
178,188,1.0,53.38278417182869
178,214,1.0,82.0855510143774
178,242,1.0,95.45851181360229
179,194,1.0,66.06335410693468
179,205,1.0,59.48713453120171
179,215,1.0,65.55678895112668
179,238,1.0,82.69933516206295
179,246,1.0,75.06000721016594
180,204,1.0,50.60308171207777
180,220,1.0,62.49826215578341
180,609,0.6,59.701011538052
180,639,0.6,79.55427638378917
181,187,1.0,91.70145987298982
181,234,1.0,51.57700039161279
181,459,0.6,53.335327903911185
181,508,0.6,63.521694847361616
182,190,1.0,59.11091927050203
182,433,0.6,91.30295273082504
182,452,0.6,80.66045499300188
182,453,0.6,73.9413332745089
182,476,0.6,67.87614762692483
182,496,0.6,68.89299105512438
183,210,1.0,45.28416006470109
183,260,0.6,54.826035956885605
183,524,0.6,71.85551303761233
184,237,1.0,63.103254858576975
184,436,0.6,64.92223016282325
184,555,0.6,91.81056937103027
185,356,0.6,86.40017334845496
185,366,0.6,89.99330736606265
186,188,1.0,102.80014434618373
186,522,0.6,86.77771538555581
187,234,1.0,69.25637580527184
187,523,0.6,66.23194520575878
187,531,0.6,89.29162949740997
188,242,1.0,89.64695157043693
188,624,0.6,57.1983090206703
188,658,0.6,70.15139118696177
188,664,0.6,88.46337260072572
189,210,1.0,59.11599098919478
189,222,1.0,64.25860645015148
189,524,0.6,48.7929930575997
189,560,0.6,78.41614142127021
190,230,1.0,69.17158165059357
191,397,0.6,70.59275881294508
191,586,0.6,64.88868075709406
192,209,1.0,74.54202531478299
192,216,1.0,87.63428640494132
192,218,1.0,62.19358136570508
192,236,1.0,97.83655962012926
193,203,1.0,62.9409193696436
193,590,0.6,85.20103937517963
194,215,1.0,63.95995475810637
194,238,1.0,85.68430579376464
195,199,1.0,66.5194201556866
195,239,1.0,71.94374715591162
195,391,0.6,101.47334646612507
197,240,1.0,89.5110423051627
197,629,0.6,63.22121545672415
198,245,1.0,99.1296956234536
199,228,1.0,62.85441575525479
199,483,0.6,71.81496210210001
200,612,0.6,88.62535640066767
200,626,0.6,92.47351530257875
200,630,0.6,92.10145647231113
201,340,0.6,96.23467227352556
201,361,0.6,81.6397083277996
201,376,0.6,89.99036945874627
201,410,0.6,66.57217931482258
201,419,0.6,74.62234367327093
201,424,0.6,60.721108092731086
202,222,1.0,85.43308528405828
202,478,0.6,69.87602093250082
202,592,0.6,81.74816128547027
203,382,0.6,56.64065658460392
203,398,0.6,67.15120152399331
204,212,1.0,64.1211842403369
204,235,1.0,59.86964029084256
204,609,0.6,79.79654056727063
205,208,1.0,68.6807063925593
205,238,1.0,74.84149416462321
205,246,1.0,94.71101211246791
206,434,0.6,102.28979299514639
207,208,1.0,57.240952101215036
207,281,0.6,87.47433689060203
207,563,0.6,95.75758619472926
208,281,0.6,66.91317693479886
209,236,1.0,60.09991687128213
209,273,0.6,58.74389830896457
209,282,0.6,70.27887610075831
210,222,1.0,85.66780270179827
210,524,0.6,64.74135099970951
211,251,0.6,69.4497371637623
212,550,0.6,81.28485449468995
213,233,1.0,101.80700499860968
213,512,0.6,99.69049938030686
213,518,0.6,86.77019579386337
213,536,0.6,90.55064418130621
213,539,0.6,97.4878750542737
214,242,1.0,70.56427114549992
215,232,1.0,63.2144432324677
215,246,1.0,93.34923026282785
216,218,1.0,78.15018795474927
217,530,0.6,74.01383032317959
217,547,0.6,58.08461470137983
218,545,0.6,91.28448680915105
219,285,1.0,29.948822633987707
220,378,0.6,54.81109558409135
220,390,0.6,83.22846106606725
220,639,0.6,69.75526114126603
221,244,1.0,72.58769941733937
221,247,0.6,41.0257766055057
221,252,0.6,51.731601304989795
221,257,0.6,57.07900178197825
221,574,0.6,65.59923900428096
223,246,1.0,98.0756058493182
223,258,0.6,76.42843065230836
223,566,0.6,75.33822413151273
224,264,0.6,63.302040959124525
224,561,0.6,69.60762347992491
225,442,0.6,91.0555553141233
225,618,0.6,95.67341114808997
226,598,0.6,79.08915244591714
226,615,0.6,85.37063281228461
227,243,1.0,89.03765759200282
227,406,0.6,68.35053805157871
227,574,0.6,92.38169863753265
229,244,1.0,90.29393293461503
229,394,0.6,87.78627907828321
229,661,0.6,80.84510840621903
231,277,1.0,41.19252107868463
231,377,0.6,87.61765132936951
231,611,1.0,27.495172527414574
232,241,1.0,84.79375547148624
233,255,0.6,74.7484946104658
233,512,0.6,74.79643361755353
233,519,0.6,69.18456156214386
235,275,0.6,59.339200392399086
235,283,0.6,61.09302584282577
235,408,0.6,62.96995019240756
235,609,0.6,78.60956721741043
235,610,0.6,82.07733283214367
236,282,0.6,86.39571585374816
236,567,0.6,81.29581495225602
236,620,0.6,80.94043293142666
238,240,1.0,89.3821009367284
240,468,0.6,75.30576034649326
240,629,0.6,64.44164449073365
242,279,0.6,71.06999901940155
242,284,0.6,52.10833150461525
242,604,0.6,88.00902980614954
242,634,0.6,76.9074909181078
242,658,0.6,82.94340355450409
243,527,0.6,80.70789771498285
243,565,0.6,91.01983202436708
244,252,0.6,88.77088147991982
245,633,0.6,99.79222295592439
245,638,0.6,91.1604021508938
245,648,0.6,97.078155213532
246,262,0.6,72.62084182218177
247,257,1.0,42.96874387180488
247,371,0.6,51.04719173969558
247,574,1.0,38.774603502261456
248,260,1.0,74.17037659248938
248,276,1.0,100.56306878562496
249,266,1.0,48.89315392870439
249,326,0.6,40.96047199007226
249,376,1.0,41.371165178629695
250,272,1.0,31.47184169142711
250,296,0.6,43.42792562947983
250,576,1.0,29.76880675592776
251,315,0.6,56.02553275490747
251,332,0.6,41.42680008035229
251,361,1.0,66.4209336851411
251,643,1.0,50.751757171508274
252,257,1.0,54.02426871444859
252,661,1.0,58.03569278338287
253,353,0.6,69.00202368319906
253,654,1.0,35.47563388964142
253,662,1.0,48.92654708544339
254,256,1.0,51.807315399769784
254,509,1.0,36.11927753919827
255,513,1.0,75.691574979846
255,519,1.0,36.14793247139494
257,371,0.6,70.61343073362292
258,513,1.0,51.957018799747004
258,566,1.0,90.50867682336735
259,367,0.6,63.20595528157946
259,584,1.0,23.761038613641375
259,640,1.0,23.21124001090151
260,524,1.0,98.14306197689635
261,441,1.0,35.72692056406171
261,442,1.0,47.919998443782724
261,487,1.0,24.809033106786494
261,517,0.6,84.58940742975075
262,269,1.0,70.12107827165671
262,566,1.0,74.33211628848171
263,352,0.6,53.55075244209714
263,393,1.0,42.24794167768482
263,594,1.0,96.15236825818927
264,561,1.0,59.91155975062813
265,318,0.6,45.530216090574044
265,373,0.6,57.59155803057883
265,403,1.0,21.668861384882764
265,570,1.0,24.778872667643753
266,326,0.6,72.84812268807347
266,610,1.0,41.3620826919193
266,642,1.0,63.328745728758676
267,269,1.0,45.030259749318546
267,281,1.0,39.267419474392184
268,270,1.0,36.420880201021355
268,521,1.0,35.69973328773258
271,463,1.0,25.571991436655814
271,465,1.0,14.164170895823002
271,490,1.0,26.181997110129643
272,296,0.6,49.78612652124158
272,655,1.0,29.360560354230746
273,282,1.0,49.75695859390528
273,369,0.6,45.483694275238435
273,380,1.0,36.82946207072536
274,327,0.6,57.408290821175484
274,631,1.0,44.9691804891825
275,283,1.0,25.875785223942398
275,610,1.0,44.33650285927605
275,642,1.0,23.920999852159028
276,552,1.0,83.24491754154121
277,377,0.6,78.2944331785881
277,590,1.0,31.235190880701232
278,323,0.6,45.764224194666234
278,335,0.6,68.49713268779604
278,638,1.0,62.474372311413894
278,641,1.0,37.599400695073626
279,284,1.0,37.25815106437714
279,316,0.6,55.33772515667422
279,325,0.6,48.76689151023308
279,658,1.0,34.39366560305709
280,618,1.0,61.658069904096074
280,622,1.0,38.56147040258539
282,306,0.6,43.0586994370631
282,369,0.6,58.14189008175784
282,620,1.0,38.33798466113818
283,360,0.6,64.56630343360942
283,408,1.0,26.23444196551221
283,642,1.0,48.94375821338007
284,325,0.6,48.452711323639484
284,634,1.0,36.37312817435492
286,298,1.0,40.26543120120169
286,395,0.6,37.759216962544954
286,578,0.6,37.432790268500675
286,652,0.6,42.993115979850295
287,338,1.0,69.36254666852875
287,348,1.0,80.32553769384288
288,302,1.0,56.892615575443436
288,579,0.6,61.32260143531282
288,621,0.6,55.97459103317487
289,360,1.0,97.18755556542327
289,378,0.6,33.076788808609294
289,390,0.6,56.76649374871023
289,639,0.6,44.09813872664298
290,303,1.0,49.24436295712465
290,596,0.6,93.17108160825416
290,608,0.6,66.5637595775025
291,294,1.0,52.743542204902106
291,594,0.6,41.458261343256595
291,607,0.6,44.97730240230197
292,297,1.0,44.189563395921105
292,617,0.6,48.76977711969995
292,619,0.6,37.58839103468763
293,328,1.0,62.48276653383857
293,337,1.0,52.96662922421369
293,382,0.6,42.24163927656913
293,398,0.6,70.47871682284291
294,334,1.0,59.320819568196356
294,383,0.6,49.165022844094686
294,607,0.6,38.5253463744451
295,591,0.6,97.59591909352292
295,595,0.6,47.49913394435436
295,599,0.6,59.5469938182419
295,614,0.6,34.02556940199312
296,576,0.6,62.49630653933822
296,628,0.6,76.42965722158094
296,655,0.6,53.44112869771063
297,307,1.0,39.69264140844407
297,381,0.6,55.13820650226703
297,617,0.6,48.70512810535788
298,578,0.6,38.81810178582967
298,613,0.6,46.17003209516856
299,364,1.0,92.04057262750446
299,386,0.6,42.00184098138364
299,391,0.6,41.943448317570976
299,396,0.6,74.41776126373391
299,603,0.6,54.68991896399384
300,301,1.0,42.37675496015035
300,306,1.0,89.31369607521337
300,567,0.6,45.06643411515689
300,612,0.6,40.90640082155191
300,620,0.6,65.48823332888045
301,321,1.0,94.15037126308368
301,612,0.6,45.06225922112649
301,626,0.6,47.37413662039652
302,573,0.6,37.82669860638071
302,577,0.6,70.873421240797
302,579,0.6,65.6571934244707
303,375,0.6,41.649587010337726
303,595,0.6,70.29059734179995
303,608,0.6,92.03983633762627
304,328,1.0,75.41017430450016
304,354,0.6,45.0295950715176
304,369,1.0,50.635348275673906
304,380,0.6,38.23121506244344
305,310,1.0,78.48669056020569
305,367,1.0,97.35881415513873
305,571,0.6,40.19002966095337
305,580,0.6,80.05031888133682
305,625,0.6,68.43721849932798
306,369,1.0,57.26617130087583
306,620,0.6,50.17410291796568
307,310,1.0,32.35447440991116
307,381,0.6,52.09280882247067
307,580,0.6,59.89251834184892
308,321,1.0,95.87148247462856
308,334,1.0,75.38051022314
308,387,0.6,38.37639847890737
308,593,0.6,53.896355145157024
308,623,0.6,57.45017120544113
309,342,1.0,87.26353553103084
309,405,0.6,72.06528337451103
309,588,0.6,62.79585617707838
309,602,0.6,50.39793735573347
310,580,0.6,43.628767342723336
311,318,1.0,66.16829454642328
311,568,0.6,37.79818939363999
311,582,0.6,61.880673915300726
311,583,0.6,42.84717025355324
311,585,0.6,54.01530364385655
312,355,1.0,91.02169612533548
312,627,0.6,44.91192737426881
312,649,0.6,67.51837613779033
312,659,0.6,74.08379706351265
313,315,1.0,42.243668679531275
313,340,1.0,43.71222956600768
313,361,0.6,34.212472643058156
314,324,1.0,55.30555001762924
314,330,1.0,38.28031116478633
314,605,0.6,81.23795127239228
314,631,0.6,63.833194697915026
315,332,1.0,49.09742953634779
315,361,0.6,43.687348981670176
316,325,1.0,73.80720851816653
316,624,0.6,61.78282163642142
316,658,0.6,48.39097729592581
317,333,1.0,91.2752305758313
317,341,1.0,59.14113376154031
318,373,1.0,70.31646893069129
318,570,0.6,45.15831425696827
318,583,0.6,59.872867112544185
319,320,1.0,47.90582501195604
319,333,1.0,53.536138995206045
320,343,1.0,58.328737792477
321,388,0.6,48.069572774723305
321,623,0.6,62.457022471164024
321,626,0.6,61.7168973695451
321,630,0.6,46.34714922157128
322,368,1.0,84.76661871931363
322,401,0.6,48.860525623478644
322,572,0.6,63.94184081984291
323,331,1.0,97.02588592379212
323,335,1.0,75.0374972844017
323,379,0.6,71.40722825514393
323,641,0.6,55.48349940894183
324,330,1.0,91.72408710287537
324,347,1.0,102.20290896067272
324,605,0.6,48.10569549082162
325,604,0.6,72.1938238479508
325,634,0.6,48.65145604413888
326,340,1.0,80.97778959209107
326,376,0.6,54.35902039742942
327,330,1.0,51.453843909100705
327,631,0.6,51.17562447602435
328,354,0.6,62.274305375355134
328,398,0.6,56.432040453568604
328,404,0.6,49.390301496127464
329,358,1.0,86.95644632509439
330,631,0.6,45.69917579332103
331,357,1.0,87.0173929952149
331,379,0.6,50.18155693652499
331,598,0.6,71.94162655820008
331,615,0.6,50.285210738270074
332,643,0.6,51.43011869801736
332,650,0.6,79.82547967339863
334,383,0.6,44.42022444354844
334,593,0.6,55.43389854900724
335,604,0.6,97.14011367752796
335,638,0.6,49.49080153346957
335,648,0.6,58.8118660970038
336,338,1.0,76.62463250113831
336,347,1.0,63.271410751770965
337,377,1.0,82.04965049080735
337,382,0.6,47.47446025781799
337,392,0.6,49.996163683788886
339,644,0.6,63.1284355050615
339,647,0.6,82.13390135943897
339,656,0.6,89.24393835147661
340,361,0.6,60.887534969470984
340,376,0.6,67.9556043926663
341,358,1.0,77.50387564804966
342,405,0.6,53.298521997887676
342,600,0.6,53.693022133217404
342,601,0.6,51.69481745991049
343,348,1.0,81.99916042808081
344,389,0.6,65.37344885922315
344,400,0.6,61.76603621102433
344,402,0.6,51.34586857101171
344,575,0.6,54.08236817735357
344,582,0.6,85.85244440019662
344,660,0.6,85.25438351624447
345,374,1.0,94.02659549816507
345,384,0.6,35.270907109051144
345,397,0.6,52.59387491256727
345,600,0.6,85.56290859735493
346,632,0.6,48.91462374366461
346,635,0.6,66.0396630951523
346,645,0.6,73.89522250942585
347,605,0.6,83.60058899948697
349,351,1.0,87.44648186029647
350,362,1.0,74.87286099196616
350,366,1.0,62.3253116201561
351,656,0.6,101.22780865020319
352,390,0.6,60.77548582723508
352,393,0.6,45.28229067702871
353,616,0.6,70.31545233621695
353,653,0.6,86.94130282249506
353,654,0.6,70.60442437842418
353,662,0.6,88.29759049710863
354,380,1.0,29.71654834819009
354,404,1.0,23.338199269239816
355,637,0.6,59.87920575815474
355,646,0.6,75.7521904442518
355,649,0.6,62.90667846526155
356,587,0.6,53.444679730379576
357,372,1.0,83.36492528407716
357,597,0.6,61.52696416117971
357,598,0.6,85.27752200033441
359,407,0.6,59.032517390744935
359,659,0.6,83.60648407899777
359,663,0.6,71.1705466290498
360,408,0.6,56.36922252246677
360,609,0.6,65.73064145552567
360,639,0.6,70.73168488530212
362,365,1.0,85.9417058301291
363,418,0.6,96.93672377384867
363,484,0.6,87.16926711868949
363,503,0.6,82.53488185455686
364,370,1.0,78.64613406607982
364,603,0.6,66.63671098823258
364,651,0.6,59.53382295840451
367,584,0.6,63.06141634473457
367,625,0.6,83.84242017267078
367,640,0.6,70.55121235181491
367,647,0.6,70.99305808695794
368,396,0.6,61.81078743242889
368,399,0.6,51.20648175323457
368,572,0.6,61.10335931023184
369,380,0.6,52.330405102014815
370,394,0.6,65.67518862705194
370,651,0.6,55.86697622345647
370,661,0.6,94.12786544797527
371,406,0.6,71.26469197616525
371,574,0.6,50.54200874434043
371,587,0.6,85.92764114054326
372,569,0.6,70.94676568497462
372,597,0.6,73.48388824991189
373,385,0.6,53.0432243835393
373,403,0.6,48.26341069915683
373,636,0.6,77.29576244404716
374,384,0.6,82.44074577316223
374,586,0.6,75.47527559729158
374,592,0.6,55.19819969126366
375,595,1.0,44.91274584718406
376,424,0.6,72.65519984865503
377,392,0.6,74.1567381516442
377,590,0.6,74.68175169738485
377,611,0.6,86.4672811580863
377,635,0.6,98.84725240935917
378,390,1.0,38.17541681387718
378,639,1.0,56.634229822141535
379,615,1.0,33.023129996514
379,641,1.0,30.309426785446963
381,482,0.6,69.65389042114514
381,580,1.0,51.89551637632451
381,617,1.0,49.625840173070046
382,392,1.0,67.00530724859972
382,398,1.0,58.64125751884799
383,593,1.0,62.881913625678415
383,607,1.0,46.162314324009664
384,397,1.0,38.81119304533984
384,586,1.0,25.012124406808326
385,403,1.0,48.690941195053306
385,636,1.0,43.766363600661364
386,391,1.0,38.37902450856148
386,396,1.0,40.28004872882403
387,593,1.0,48.68840290339899
387,623,1.0,35.176702323343484
388,623,1.0,39.379545829704234
388,630,1.0,32.459363166367524
389,402,1.0,38.987291375776685
389,582,1.0,29.852928972299924
389,585,1.0,52.25317817503575
390,393,1.0,59.585200542337226
391,603,1.0,49.14276787810744
392,590,1.0,41.31458045158639
394,651,1.0,82.24902526147434
394,661,1.0,47.41833289675966
395,423,0.6,70.8836866610964
395,499,0.6,63.916211507063096
395,578,1.0,23.77229296986147
395,652,1.0,27.91735812345329
396,399,1.0,27.17745848349732
397,586,1.0,51.79866547003082
397,600,1.0,50.694832533276944
398,404,1.0,57.06741614439624
399,412,0.6,64.7928712683108
399,421,0.6,58.19645841460684
399,572,1.0,45.317885679831804
400,575,1.0,26.2666260698676
400,660,1.0,33.16998666769058
401,464,0.6,54.79101329563495
401,471,0.6,45.22734295904101
401,495,0.6,52.31926855015283
401,572,1.0,61.58416107342633
402,575,1.0,22.578502471745
405,601,1.0,42.19401963158409
405,602,1.0,41.66907067364401
406,574,1.0,36.84436081985306
406,587,1.0,40.36798185487112
407,657,1.0,59.59063617188035
407,663,1.0,54.60140078601539
408,609,1.0,35.649423400333625
409,431,1.0,27.95537087706359
409,450,1.0,16.017448199954227
409,461,1.0,19.592228444795285
409,473,1.0,19.466087812254717
409,506,1.0,20.746876125569695
409,507,1.0,18.751049333225176
410,419,1.0,29.68857782241572
410,424,1.0,14.86247989168237
410,434,1.0,15.644376304168746
410,440,1.0,16.205548693202484
411,448,1.0,15.791722695364092
411,455,1.0,19.113090834584362
411,466,1.0,27.13645524290675
411,476,1.0,19.016895192726327
412,421,1.0,15.378745483898557
412,469,1.0,30.863701626564833
412,479,1.0,19.305282541411938
413,422,1.0,23.403520950837645
413,459,1.0,21.515636083857114
413,460,1.0,20.127111636423994
413,498,1.0,34.61806779608538
413,508,1.0,8.03337795508461
414,467,1.0,15.303530004038157
414,487,1.0,19.564322196448625
414,499,1.0,32.503264669150056
415,416,1.0,21.68459003603337
415,438,1.0,18.460072539619922
415,439,1.0,15.219209396975284
415,458,1.0,18.768757102361285
415,463,1.0,27.68860600783316
415,493,1.0,24.911276844123584
416,458,1.0,23.943363745285687
416,463,1.0,33.278917352830355
416,466,1.0,41.86282365298507
416,488,1.0,17.782420667983846
416,490,1.0,20.870772413913148
417,431,1.0,20.888144505254594
417,438,1.0,15.542082398030614
417,463,1.0,23.31772946313379
417,507,1.0,23.458029498755714
418,456,1.0,21.55418736356736
418,461,1.0,32.34059067196334
418,468,1.0,90.63916751460468
418,494,1.0,12.925887433855182
418,503,1.0,24.10394697299285
418,504,1.0,40.66562168526324
419,440,1.0,15.735087890745515
419,449,1.0,35.48154036317128
420,427,1.0,20.737915045519845
420,430,1.0,20.28603982590703
420,448,1.0,19.395919624445764
420,453,1.0,24.134511452553248
420,455,1.0,25.02081108272804
420,491,1.0,24.64125200339302
420,496,1.0,23.263178142935487
421,464,1.0,22.99681024768848
421,469,1.0,24.943898672104353
421,572,0.6,44.418917930655134
422,459,1.0,32.59777980992497
422,460,1.0,14.203255062577522
422,486,1.0,14.846000732763658
422,569,0.6,67.26896204257035
423,441,1.0,16.963044768202867
423,442,1.0,16.425613142712475
423,467,1.0,25.82542293977866
423,499,1.0,18.816948477576926
423,652,0.6,81.80538275844752
424,434,1.0,27.19478308231876
425,445,1.0,25.591512213534852
425,482,1.0,33.764861377809666
425,489,1.0,24.187749315956353
425,571,0.6,48.94791706661353
425,580,0.6,61.67429538318928
426,437,1.0,15.14532853854198
426,443,1.0,15.016600946288117
426,614,0.6,60.551704083944415
427,455,1.0,14.467575538293557
427,488,1.0,18.753549671002325
427,491,1.0,17.734052356867323
428,468,1.0,33.42287186291889
428,504,1.0,40.75188563804311
428,506,1.0,39.12087981438629
429,447,1.0,14.875278242341542
429,451,1.0,21.237903380626854
429,470,1.0,23.627519342765424
429,477,1.0,27.082576890159668
429,480,1.0,27.781895899103947
429,481,1.0,24.95545386135724
430,452,1.0,27.692015711845407
430,453,1.0,28.607467723702026
430,462,1.0,19.82912843563751
430,491,1.0,22.234041966253542
430,497,1.0,20.77666702252899
431,506,1.0,30.390237489779693
431,507,1.0,15.747392938256429
432,446,1.0,16.25493184190226
432,460,1.0,23.11897510820164
432,475,1.0,67.63835273857472
432,486,1.0,24.092361987341274
432,498,1.0,24.065692075330027
433,435,1.0,22.40559954197437
433,452,1.0,17.324363176399306
433,462,1.0,16.583262869163523
433,505,1.0,18.330165953494582
434,440,1.0,15.475080514145805
434,449,1.0,51.33354083884555
435,462,1.0,16.08576614160008
435,481,1.0,19.295601637430387
435,497,1.0,22.636738572650653
435,500,1.0,15.403708246507641
435,505,1.0,17.406625749300407
436,485,1.0,46.0598896696633
436,502,1.0,38.99941847102474
437,614,0.6,68.4487489659874
438,439,1.0,13.598131771991412
438,463,1.0,17.802771826173156
438,507,1.0,25.297599487601694
439,493,1.0,16.841215693593195
439,507,1.0,20.21130745880498
440,449,1.0,43.2241906187074
441,442,1.0,18.460130767454253
441,467,1.0,21.132874124663214
441,487,1.0,27.890232399404287
442,652,0.6,88.76717343919306
443,591,0.6,67.8677880948707
443,599,0.6,50.56755415574691
443,614,0.6,53.71533949381913
444,457,1.0,20.889266030307777
444,458,1.0,26.722110438551862
444,473,1.0,18.258688522175866
444,477,1.0,24.909114617341174
444,480,1.0,30.207745480622602
444,493,1.0,15.147997256541878
445,454,1.0,17.52057333089001
445,474,1.0,25.23746723337273
445,489,1.0,24.22833249472163
446,486,1.0,17.84493518262259
446,597,0.6,79.25653324979618
447,451,1.0,19.58093829445659
447,470,1.0,26.33048600676597
447,472,1.0,18.040077962832644
447,492,1.0,19.82639498416724
448,455,1.0,20.81822324385133
448,476,1.0,17.81031870728789
448,496,1.0,18.096755346162556
449,516,0.6,98.61610393296681
450,456,1.0,15.481314573466
450,461,1.0,19.06379936707325
450,473,1.0,14.640886966797705
450,477,1.0,32.47244888280428
451,477,1.0,18.50364618904368
451,492,1.0,21.962706115687034
451,494,1.0,24.321673471456887
452,453,1.0,15.01247284045494
452,462,1.0,18.70750382335253
453,496,1.0,15.591382616780741
454,474,1.0,16.932201135850438
455,466,1.0,24.737063588525032
455,488,1.0,28.473549332069066
456,461,1.0,19.03307915682188
456,477,1.0,32.154484354083536
456,494,1.0,15.522463813253314
457,458,1.0,23.240652183746626
457,480,1.0,18.54400580960919
457,491,1.0,25.795920436211322
457,497,1.0,27.90100422097607
458,488,1.0,19.990386887416893
458,491,1.0,28.09817181955773
458,493,1.0,27.56635350524882
459,508,1.0,14.901789585218038
459,569,0.6,78.91925291942763
460,486,1.0,18.947705204272008
460,498,1.0,25.714890843811872
461,504,1.0,17.690366533183727
461,506,1.0,19.21817348017202
462,497,1.0,23.527990095043982
463,465,1.0,14.796274904540772
463,490,1.0,25.44737670009693
464,469,1.0,19.799795346497003
464,471,1.0,23.844743697697794
464,572,0.6,36.63741225297949
465,490,1.0,15.660561706635114
466,488,1.0,40.12729095361142
466,490,1.0,43.10803177326886
467,487,1.0,23.620148299032508
467,499,1.0,19.235600508970666
468,504,1.0,57.37160849275949
469,471,1.0,21.87160938639356
469,479,1.0,31.386769588061124
469,495,1.0,31.432533439680785
469,501,1.0,37.17755068178691
470,472,1.0,26.69939909353242
470,481,1.0,23.73539387237347
470,500,1.0,25.358313106164292
470,505,1.0,41.9378491104617
471,495,1.0,17.670610443818045
472,484,1.0,26.539427999417335
472,492,1.0,25.2230731072939
473,477,1.0,31.511755481962503
473,493,1.0,13.277158801125973
473,507,1.0,25.538170736215186
474,485,1.0,24.81666842257087
474,489,1.0,20.05139816241296
475,498,1.0,57.5983590208917
476,496,1.0,22.29513476972182
477,480,1.0,24.161045525220786
477,494,1.0,31.798260300346573
478,495,1.0,30.01641762511161
478,501,1.0,25.540361418228187
479,483,1.0,19.09663508860325
479,501,1.0,33.08244884124668
480,481,1.0,26.74473984534536
480,497,1.0,20.685436986885378
481,497,1.0,23.107391869887433
481,500,1.0,16.900155599913088
482,489,1.0,40.265359985292335
482,502,1.0,32.42152074069209
482,580,0.6,41.05425878125282
483,501,1.0,24.8940122567592
484,492,1.0,29.09417031200939
484,503,1.0,34.82417329770734
485,489,1.0,28.28706385868108
485,502,1.0,32.00295840257613
486,569,0.6,66.36682616951744
486,597,0.6,78.35277031142948
488,491,1.0,22.134725674503994
489,502,1.0,34.10473693619121
491,497,1.0,30.19610864445914
492,494,1.0,29.895513389639802
492,503,1.0,22.450078217767246
493,507,1.0,24.879075709627344
494,503,1.0,28.409738174557344
495,501,1.0,41.63635123484613
499,578,0.6,68.59184057680392
499,613,0.6,74.88344239755105
500,505,1.0,17.32893722976047
504,506,1.0,16.696297669004487
509,555,1.0,99.27244093104511
510,548,1.0,49.68969945264531
510,553,1.0,62.61482461435556
511,516,1.0,50.167833125951624
511,557,1.0,62.90033741955514
511,558,1.0,98.56192693661882
512,519,1.0,46.74850789811213
512,536,1.0,44.77375719098722
514,534,1.0,43.179867551842314
514,548,1.0,47.86067953192195
518,520,1.0,95.79631689472
518,536,1.0,43.788404505623
518,539,1.0,45.74472049333371
519,536,1.0,90.18911735374346
520,539,1.0,52.07964876172052
520,565,1.0,98.58222683213097
521,528,1.0,78.74537903045457
523,531,1.0,66.89526310286487
523,549,1.0,52.26876853116086
524,560,1.0,73.33147051911041
525,537,1.0,75.99584283056429
526,527,1.0,101.03435054165013
526,564,1.0,89.96322491051949
527,565,1.0,51.967071918300526
529,538,1.0,52.50125331491062
529,562,1.0,69.93861723681157
530,547,1.0,68.38526926333128
530,551,1.0,86.15651995293355
531,532,1.0,49.46687613915426
532,535,1.0,77.84047957499348
535,546,1.0,61.36867861448489
537,556,1.0,71.8590507983288
540,550,1.0,64.65852403591282
540,553,1.0,72.21463366027325
541,552,1.0,102.10597158091738
541,564,1.0,72.42786287213504
543,551,1.0,84.50977872440859
545,556,1.0,46.823773103992174
547,563,1.0,79.27394456433288
557,558,1.0,48.88356146236106
561,562,1.0,99.8741520950441
567,612,1.0,48.57697532059279
567,620,1.0,34.48064165553751
568,583,1.0,27.439032289366985
568,585,1.0,24.910928823562937
569,597,1.0,42.1974918960553
570,583,1.0,40.10181062395167
571,580,1.0,68.29512276034434
571,625,1.0,47.55702779694377
573,577,1.0,64.80376969494397
573,588,1.0,42.70577274181224
576,606,1.0,58.13908783968626
577,579,1.0,29.935070307103803
577,588,1.0,91.354347226511
578,613,1.0,39.50317041456371
579,621,1.0,42.90380819860375
581,628,1.0,33.322824154900914
581,636,1.0,36.088654213361984
582,585,1.0,26.67718335870783
584,647,1.0,36.32851062264529
586,592,1.0,72.38312396040666
588,602,1.0,37.285338962870725
589,650,1.0,50.318570632863384
589,664,1.0,62.41865394190918
591,599,1.0,39.404236320514755
591,621,1.0,69.16080650850756
594,607,1.0,49.07180392518698
595,614,1.0,74.348632400662
596,608,1.0,29.89953369487157
596,613,1.0,93.46477006869843
597,598,1.0,100.04809117238655
598,615,1.0,35.25981264399859
599,614,1.0,30.06283075910447
600,601,1.0,52.663940203382374
603,651,1.0,56.799503426826035
604,633,1.0,25.1350955213227
604,634,1.0,25.943727122924443
604,648,1.0,49.49538463639261
609,639,1.0,50.48157083446875
610,642,1.0,22.360424849072334
611,635,1.0,23.567289451546035
612,626,1.0,59.92077475437862
615,641,1.0,58.987898794895
616,653,1.0,39.897404318409045
616,654,1.0,45.41531214050289
617,619,1.0,35.28049009426628
618,622,1.0,35.49169605793997
618,652,1.0,94.54762373688143
624,658,1.0,34.72958252957757
624,664,1.0,64.75595869937862
625,640,1.0,29.367211714009155
626,630,1.0,38.10039576747721
627,649,1.0,68.37309740505849
627,659,1.0,48.971175231756064
628,655,1.0,28.877521043807604
629,645,1.0,44.11777847040512
632,635,1.0,36.231756747246436
632,645,1.0,54.58862485613273
633,648,1.0,27.215304686814935
637,646,1.0,45.70864977241781
637,649,1.0,57.81861006427403
638,648,1.0,36.750302413180464
643,650,1.0,47.0810339505649
644,647,1.0,72.4534556068585
644,656,1.0,66.84722903180722
646,660,1.0,30.114290355768627
657,662,1.0,57.873372660243085
657,663,1.0,86.53222335733398
659,663,1.0,72.03913993357887
